Accession;;Description;Sequence length;1;2;3;;1_2_3;PAI (Protein Abundance Index)
sp|P62258|1433E_HUMAN;P62258;14-3-3 protein epsilon;255;40;39;57;123;136;0,533333333
sp|P27348|1433T_HUMAN;P27348;14-3-3 protein theta;245;;;55;;55;0,224489796
sp|P63104|1433Z_HUMAN;P63104;14-3-3 protein zeta/delta;245;51;33;101;123;185;0,755102041
sp|P09543|CN37_HUMAN;P09543;2',3'-cyclic-nucleotide 3'-phosphodiesterase;421;47;;75;;122;0,289786223
sp|Q16698|DECR_HUMAN;Q16698;2,4-dienoyl-CoA reductase, mitochondrial;335;;9;;;9;0,026865672
sp|Q9BUT1|BDH2_HUMAN;Q9BUT1;3-hydroxybutyrate dehydrogenase type 2;245;7;8;;;15;0,06122449
sp|P09110|THIK_HUMAN;P09110;3-ketoacyl-CoA thiolase, peroxisomal;424;44;;12;;56;0,132075472
sp|P46783|RS10_HUMAN;P46783;40S ribosomal protein S10;165;10;;;;10;0,060606061
sp|P62280|RS11_HUMAN;P62280;40S ribosomal protein S11;158;14;12;;;26;0,164556962
sp|P62277|RS13_HUMAN;P62277;40S ribosomal protein S13;151;22;;;;22;0,145695364
sp|P62249|RS16_HUMAN;P62249;40S ribosomal protein S16;146;10;10;;;20;0,136986301
sp|P62269|RS18_HUMAN;P62269;40S ribosomal protein S18;152;;9;;;9;0,059210526
sp|P15880|RS2_HUMAN;P15880;40S ribosomal protein S2;293;13;;;;13;0,044368601
sp|P62851|RS25_HUMAN;P62851;40S ribosomal protein S25;125;;13;;;13;0,104
sp|P62857|RS28_HUMAN;P62857;40S ribosomal protein S28;69;;9;;;9;0,130434783
sp|P23396|RS3_HUMAN;P23396;40S ribosomal protein S3;243;8;;;;8;0,032921811
sp|P61247|RS3A_HUMAN;P61247;40S ribosomal protein S3a;264;31;26;;;57;0,215909091
sp|P46782|RS5_HUMAN;P46782;40S ribosomal protein S5;204;28;10;21;123;59;0,289215686
sp|P62081|RS7_HUMAN;P62081;40S ribosomal protein S7;194;10;;;;10;0,051546392
sp|P62241|RS8_HUMAN;P62241;40S ribosomal protein S8;208;66;57;;;123;0,591346154
sp|P46781|RS9_HUMAN;P46781;40S ribosomal protein S9;194;25;;;;25;0,128865979
sp|P08195|4F2_HUMAN;P08195;4F2 cell-surface antigen heavy chain;630;16;41;33;123;90;0,142857143
sp|P05388|RLA0_HUMAN;P05388;60S acidic ribosomal protein P0;317;86;68;12;123;166;0,523659306
sp|P05387|RLA2_HUMAN;P05387;60S acidic ribosomal protein P2;115;76;69;30;123;175;1,52173913
sp|P27635|RL10_HUMAN;P27635;60S ribosomal protein L10;214;13;;;;13;0,060747664
sp|P62906|RL10A_HUMAN;P62906;60S ribosomal protein L10a;217;16;23;;;39;0,179723502
sp|P30050|RL12_HUMAN;P30050;60S ribosomal protein L12;165;28;22;;;50;0,303030303
sp|P50914|RL14_HUMAN;P50914;60S ribosomal protein L14;215;28;24;;;52;0,241860465
sp|P18621|RL17_HUMAN;P18621;60S ribosomal protein L17;184;17;15;;;32;0,173913043
sp|Q07020|RL18_HUMAN;Q07020;60S ribosomal protein L18;188;31;31;;;62;0,329787234
sp|P62829|RL23_HUMAN;P62829;60S ribosomal protein L23;140;12;;;;12;0,085714286
sp|P83731|RL24_HUMAN;P83731;60S ribosomal protein L24;157;21;21;;;42;0,267515924
sp|P61254|RL26_HUMAN;P61254;60S ribosomal protein L26;145;;17;;;17;0,117241379
sp|P39023|RL3_HUMAN;P39023;60S ribosomal protein L3;403;9;9;;;18;0,044665012
sp|P62888|RL30_HUMAN;P62888;60S ribosomal protein L30;115;19;18;;;37;0,32173913
sp|P42766|RL35_HUMAN;P42766;60S ribosomal protein L35;123;26;12;;;38;0,308943089
sp|P36578|RL4_HUMAN;P36578;60S ribosomal protein L4;427;16;9;;;25;0,058548009
sp|Q02878|RL6_HUMAN;Q02878;60S ribosomal protein L6;288;26;14;;;40;0,138888889
sp|P62424|RL7A_HUMAN;P62424;60S ribosomal protein L7a;266;24;11;;;35;0,131578947
sp|A1L0T0|ILVBL_HUMAN;A1L0T0;Acetolactate synthase-like protein;632;10;;;;10;0,015822785
sp|Q13510|ASAH1_HUMAN;Q13510;Acid ceramidase;395;20;12;;;32;0,081012658
sp|Q92688|AN32B_HUMAN;Q92688;Acidic leucine-rich nuclear phosphoprotein 32 family member B;251;52;22;;;74;0,294820717
sp|Q9BTT0|AN32E_HUMAN;Q9BTT0;Acidic leucine-rich nuclear phosphoprotein 32 family member E;268;76;15;;;91;0,339552239
sp|P60709|ACTB_HUMAN;P60709;Actin, cytoplasmic 1;375;484;;219;;703;1,874666667
sp|P63261|ACTG_HUMAN;P63261;Actin, cytoplasmic 2;375;473;302;199;123;974;2,597333333
sp|O15144|ARPC2_HUMAN;O15144;Actin-related protein 2/3 complex subunit 2;300;10;9;;;19;0,063333333
sp|P07108|ACBP_HUMAN;P07108;Acyl-CoA-binding protein;87;8;33;;;41;0,471264368
sp|P00568|KAD1_HUMAN;P00568;Adenylate kinase isoenzyme 1;194;;;9;;9;0,046391753
sp|Q01518|CAP1_HUMAN;Q01518;Adenylyl cyclase-associated protein 1;475;9;;;;9;0,018947368
sp|Q9Y653|AGRG1_HUMAN;Q9Y653;Adhesion G-protein coupled receptor G1;693;28;26;16;123;70;0,101010101
sp|Q9HDC9|APMAP_HUMAN;Q9HDC9;Adipocyte plasma membrane-associated protein;416;15;;;;15;0,036057692
sp|P05141|ADT2_HUMAN;P05141;ADP/ATP translocase 2;298;;23;;;23;0,077181208
sp|P12236|ADT3_HUMAN;P12236;ADP/ATP translocase 3;298;9;22;;;31;0,104026846
sp|P28907|CD38_HUMAN;P28907;ADP-ribosyl cyclase/cyclic ADP-ribose hydrolase 1;300;;;13;;13;0,043333333
sp|P61204|ARF3_HUMAN;P61204;ADP-ribosylation factor 3;181;11;7;13;123;31;0,171270718
sp|Q9NVJ2|ARL8B_HUMAN;Q9NVJ2;ADP-ribosylation factor-like protein 8B;186;10;;;;10;0,053763441
sp|Q9Y6U3|ADSV_HUMAN;Q9Y6U3;Adseverin;715;12;;;;12;0,016783217
sp|P16112|PGCA_HUMAN;P16112;Aggrecan core protein;2530;;;18;;18;0,007114625
sp|O00468|AGRIN_HUMAN;O00468;Agrin;2068;38;13;;;51;0,024661509
sp|Q02952|AKA12_HUMAN;Q02952;A-kinase anchor protein 12;1782;9;17;84;123;110;0,061728395
sp|P02763|A1AG1_HUMAN;P02763;Alpha-1-acid glycoprotein 1;201;76;17;24;123;117;0,582089552
sp|P19652|A1AG2_HUMAN;P19652;Alpha-1-acid glycoprotein 2;201;41;12;10;123;63;0,313432836
sp|P01011|AACT_HUMAN;P01011;Alpha-1-antichymotrypsin;423;42;11;12;123;65;0,153664303
sp|P01009|A1AT_HUMAN;P01009;Alpha-1-antitrypsin;418;71;27;37;123;135;0,322966507
sp|P04217|A1BG_HUMAN;P04217;Alpha-1B-glycoprotein;495;22;;;;22;0,044444444
sp|P01023|A2MG_HUMAN;P01023;Alpha-2-macroglobulin;1474;30;;;;30;0,020352782
sp|P30533|AMRP_HUMAN;P30533;Alpha-2-macroglobulin receptor-associated protein;357;36;25;23;123;84;0,235294118
sp|O43707|ACTN4_HUMAN;O43707;Alpha-actinin-4;911;25;;;;25;0,027442371
sp|P02511|CRYAB_HUMAN;P02511;Alpha-crystallin B chain;175;19;;20;;39;0,222857143
sp|P06733|ENOA_HUMAN;P06733;Alpha-enolase;434;45;59;39;123;143;0,329493088
sp|Q16352|AINX_HUMAN;Q16352;Alpha-internexin;499;36;;142;;178;0,356713427
sp|P35475|IDUA_HUMAN;P35475;Alpha-L-iduronidase;653;9;18;;;27;0,041347626
sp|P54920|SNAA_HUMAN;P54920;Alpha-soluble NSF attachment protein;295;48;37;34;123;119;0,403389831
sp|P27338|AOFB_HUMAN;P27338;Amine oxidase [flavin-containing] B;520;34;31;43;123;108;0,207692308
sp|P49418|AMPH_HUMAN;P49418;Amphiphysin;695;;;30;;30;0,043165468
sp|P01019|ANGT_HUMAN;P01019;Angiotensinogen;485;12;;;;12;0,024742268
sp|P16157|ANK1_HUMAN;P16157;Ankyrin-1;1881;;26;;;26;0,013822435
sp|Q01484|ANK2_HUMAN;Q01484;Ankyrin-2;3957;;;52;;52;0,013141269
sp|P04083|ANXA1_HUMAN;P04083;Annexin A1;346;135;25;51;123;211;0,60982659
sp|P50995|ANX11_HUMAN;P50995;Annexin A11;505;57;;41;;98;0,194059406
sp|P07355|ANXA2_HUMAN;P07355;Annexin A2;339;209;76;61;123;346;1,020648968
sp|P09525|ANXA4_HUMAN;P09525;Annexin A4;319;42;;21;;63;0,197492163
sp|P08758|ANXA5_HUMAN;P08758;Annexin A5;320;298;200;104;123;602;1,88125
sp|P08133|ANXA6_HUMAN;P08133;Annexin A6;673;179;142;148;123;469;0,696879643
sp|P20073|ANXA7_HUMAN;P20073;Annexin A7;488;33;23;51;123;107;0,219262295
sp|P01008|ANT3_HUMAN;P01008;Antithrombin-III;464;28;20;;;48;0,103448276
sp|O95782|AP2A1_HUMAN;O95782;AP-2 complex subunit alpha-1;977;15;;9;;24;0,024564995
sp|P02647|APOA1_HUMAN;P02647;Apolipoprotein A-I;267;1887;898;1183;123;3968;14,86142322
sp|P02652|APOA2_HUMAN;P02652;Apolipoprotein A-II;100;;16;9;;25;0,25
sp|P06727|APOA4_HUMAN;P06727;Apolipoprotein A-IV;396;143;28;16;123;187;0,472222222
sp|P04114|APOB_HUMAN;P04114;Apolipoprotein B-100;4563;341;61;221;123;623;0,136532983
sp|P02654|APOC1_HUMAN;P02654;Apolipoprotein C-I;83;12;12;;;24;0,289156627
sp|P02656|APOC3_HUMAN;P02656;Apolipoprotein C-III;99;52;21;12;123;85;0,858585859
sp|P02649|APOE_HUMAN;P02649;Apolipoprotein E;317;121;41;257;123;419;1,321766562
sp|Q13790|APOF_HUMAN;Q13790;Apolipoprotein F;326;14;;;;14;0,042944785
sp|P55087|AQP4_HUMAN;P55087;Aquaporin-4;323;20;33;18;123;71;0,219814241
sp|Q12797|ASPH_HUMAN;Q12797;Aspartyl/asparaginyl beta-hydroxylase;758;;6;;;6;0,007915567
sp|Q15121|PEA15_HUMAN;Q15121;Astrocytic phosphoprotein PEA-15;130;8;8;;;16;0,123076923
sp|Q8WXF7|ATLA1_HUMAN;Q8WXF7;Atlastin-1;558;;;9;;9;0,016129032
sp|Q6DD88|ATLA3_HUMAN;Q6DD88;Atlastin-3;541;15;;;;15;0,027726433
sp|P25705|ATPA_HUMAN;P25705;ATP synthase subunit alpha, mitochondrial;553;20;37;25;123;82;0,148282098
sp|P06576|ATPB_HUMAN;P06576;ATP synthase subunit beta, mitochondrial;529;58;39;113;123;210;0,396975425
sp|P56385|ATP5I_HUMAN;P56385;ATP synthase subunit e, mitochondrial;69;11;;;;11;0,15942029
sp|O43681|ASNA_HUMAN;O43681;ATPase ASNA1;348;10;17;9;123;36;0,103448276
sp|P17858|PFKAL_HUMAN;P17858;ATP-dependent 6-phosphofructokinase, liver type;780;;33;27;;60;0,076923077
sp|P08237|PFKAM_HUMAN;P08237;ATP-dependent 6-phosphofructokinase, muscle type;780;24;58;57;123;139;0,178205128
sp|Q01813|PFKAP_HUMAN;Q01813;ATP-dependent 6-phosphofructokinase, platelet type;784;;;21;;21;0,026785714
sp|P02730|B3AT_HUMAN;P02730;Band 3 anion transport protein;911;19;44;12;123;75;0,082327113
sp|O43491|E41L2_HUMAN;O43491;Band 4.1-like protein 2;1005;21;7;9;123;37;0,03681592
sp|Q9Y2J2|E41L3_HUMAN;Q9Y2J2;Band 4.1-like protein 3;1087;;;22;;22;0,02023919
sp|O75531|BAF_HUMAN;O75531;Barrier-to-autointegration factor;89;16;;;;16;0,179775281
sp|P35613|BASI_HUMAN;P35613;Basigin;385;10;10;;;20;0,051948052
sp|P02749|APOH_HUMAN;P02749;Beta-2-glycoprotein 1;345;31;18;;;49;0,142028986
sp|P16278|BGAL_HUMAN;P16278;Beta-galactosidase;677;48;41;;;89;0,131462334
sp|P08236|BGLR_HUMAN;P08236;Beta-glucuronidase;651;10;;;;10;0,015360983
sp|P06865|HEXA_HUMAN;P06865;Beta-hexosaminidase subunit alpha;529;7;;;;7;0,013232514
sp|Q9H115|SNAB_HUMAN;Q9H115;Beta-soluble NSF attachment protein;298;;;24;;24;0,080536913
sp|P21810|PGS1_HUMAN;P21810;Biglycan;368;32;9;;;41;0,111413043
sp|P80723|BASP1_HUMAN;P80723;Brain acid soluble protein 1;227;;;11;;11;0,04845815
sp|Q9UQB8|BAIP2_HUMAN;Q9UQB8;Brain-specific angiogenesis inhibitor 1-associated protein 2;552;;;10;;10;0,018115942
sp|Q96GW7|PGCB_HUMAN;Q96GW7;Brevican core protein;911;45;203;274;123;522;0,572996707
sp|Q96CX2|KCD12_HUMAN;Q96CX2;BTB/POZ domain-containing protein KCTD12;325;16;9;9;123;34;0,104615385
sp|O00478|BT3A3_HUMAN;O00478;Butyrophilin subfamily 3 member A3;584;8;;;;8;0,01369863
sp|P04003|C4BPA_HUMAN;P04003;C4b-binding protein alpha chain;597;14;;;;14;0,023450586
sp|P55290|CAD13_HUMAN;P55290;Cadherin-13;713;;;14;;14;0,019635344
sp|P19022|CADH2_HUMAN;P19022;Cadherin-2;906;;;12;;12;0,013245033
sp|Q13554|KCC2B_HUMAN;Q13554;Calcium/calmodulin-dependent protein kinase type II subunit beta;666;;;33;;33;0,04954955
sp|Q13557|KCC2D_HUMAN;Q13557;Calcium/calmodulin-dependent protein kinase type II subunit delta;499;11;;30;;41;0,082164329
sp|Q13555|KCC2G_HUMAN;Q13555;Calcium/calmodulin-dependent protein kinase type II subunit gamma;558;;;21;;21;0,037634409
sp|P0DP23|CALM1_HUMAN;P0DP23;Calmodulin-1;149;119;133;184;123;436;2,926174497
sp|P27824|CALX_HUMAN;P27824;Calnexin;592;66;72;45;123;183;0,309121622
sp|P20810|ICAL_HUMAN;P20810;Calpastatin;708;10;9;;;19;0,026836158
sp|P27797|CALR_HUMAN;P27797;Calreticulin;417;70;53;55;123;178;0,426858513
sp|O43852|CALU_HUMAN;O43852;Calumenin;315;10;15;;;25;0,079365079
sp|Q8NCB2|CAMKV_HUMAN;Q8NCB2;CaM kinase-like vesicle-associated protein;501;;;10;;10;0,01996008
sp|P22694|KAPCB_HUMAN;P22694;cAMP-dependent protein kinase catalytic subunit beta;351;8;;;;8;0,022792023
sp|P10644|KAP0_HUMAN;P10644;cAMP-dependent protein kinase type I-alpha regulatory subunit;381;8;;;;8;0,020997375
sp|P31323|KAP3_HUMAN;P31323;cAMP-dependent protein kinase type II-beta regulatory subunit;418;18;;10;;28;0,066985646
sp|P00918|CAH2_HUMAN;P00918;Carbonic anhydrase 2;260;;9;;;9;0,034615385
sp|P16152|CBR1_HUMAN;P16152;Carbonyl reductase [NADPH] 1;277;40;27;28;123;95;0,342960289
sp|Q9Y646|CBPQ_HUMAN;Q9Y646;Carboxypeptidase Q;472;8;8;;;16;0,033898305
sp|P04040|CATA_HUMAN;P04040;Catalase;527;23;;;;23;0,043643264
sp|P26232|CTNA2_HUMAN;P26232;Catenin alpha-2;953;22;9;;;31;0,032528856
sp|P35222|CTNB1_HUMAN;P35222;Catenin beta-1;781;32;16;31;123;79;0,101152369
sp|O60716|CTND1_HUMAN;O60716;Catenin delta-1;968;18;16;;;34;0,035123967
sp|P07858|CATB_HUMAN;P07858;Cathepsin B;339;12;10;;;22;0,064896755
sp|P07339|CATD_HUMAN;P07339;Cathepsin D;412;65;27;17;123;109;0,264563107
sp|Q5ZPR3|CD276_HUMAN;Q5ZPR3;CD276 antigen;534;8;;;;8;0,014981273
sp|P16070|CD44_HUMAN;P16070;CD44 antigen;742;56;35;33;123;124;0,167115903
sp|P60033|CD81_HUMAN;P60033;CD81 antigen;236;24;26;59;123;109;0,461864407
sp|P21926|CD9_HUMAN;P21926;CD9 antigen;228;;13;15;;28;0,122807018
sp|Q9NZ45|CISD1_HUMAN;Q9NZ45;CDGSH iron-sulfur domain-containing protein 1;108;;;11;;11;0,101851852
sp|Q96JB5|CK5P3_HUMAN;Q96JB5;CDK5 regulatory subunit-associated protein 3;506;12;;;;12;0,023715415
sp|Q8N3J6|CADM2_HUMAN;Q8N3J6;Cell adhesion molecule 2;435;;;8;;8;0,018390805
sp|P00450|CERU_HUMAN;P00450;Ceruloplasmin;1065;28;;;;28;0,02629108
sp|P36222|CH3L1_HUMAN;P36222;Chitinase-3-like protein 1;383;17;18;;;35;0,091383812
sp|Q8WWI5|CTL1_HUMAN;Q8WWI5;Choline transporter-like protein 1;657;;;9;;9;0,01369863
sp|Q6UVK1|CSPG4_HUMAN;Q6UVK1;Chondroitin sulfate proteoglycan 4;2322;;7;;;7;0,003014643
sp|O60641|AP180_HUMAN;O60641;Clathrin coat assembly protein AP180;907;;;12;;12;0,01323043
sp|Q00610|CLH1_HUMAN;Q00610;Clathrin heavy chain 1;1675;;;34;;34;0,020298507
sp|P10909|CLUS_HUMAN;P10909;Clusterin;449;54;33;42;123;129;0,287305122
sp|P48444|COPD_HUMAN;P48444;Coatomer subunit delta;511;8;;;;8;0,015655577
sp|P23528|COF1_HUMAN;P23528;Cofilin-1;166;;9;;;9;0,054216867
sp|P01024|CO3_HUMAN;P01024;Complement C3;1663;86;37;19;123;142;0,085387853
sp|P0C0L4|CO4A_HUMAN;P0C0L4;Complement C4-A;1744;12;;17;;29;0,01662844
sp|Q12860|CNTN1_HUMAN;Q12860;Contactin-1;1018;9;;60;;69;0,067779961
sp|O75131|CPNE3_HUMAN;O75131;Copine-3;537;21;10;;;31;0,057728119
sp|Q9HCH3|CPNE5_HUMAN;Q9HCH3;Copine-5;593;;;9;;9;0,015177066
sp|Q9UQ03|COR2B_HUMAN;Q9UQ03;Coronin-2B;480;13;;;;13;0,027083333
sp|P12277|KCRB_HUMAN;P12277;Creatine kinase B-type;381;50;47;116;123;213;0,559055118
sp|Q9UBG0|MRC2_HUMAN;Q9UBG0;C-type mannose receptor 2;1479;45;13;;;58;0,039215686
sp|P01034|CYTC_HUMAN;P01034;Cystatin-C;146;15;16;13;123;44;0,301369863
sp|P21291|CSRP1_HUMAN;P21291;Cysteine and glycine-rich protein 1;193;16;12;30;123;58;0,300518135
sp|P00167|CYB5_HUMAN;P00167;Cytochrome b5;134;18;;;;18;0,134328358
sp|P22695|QCR2_HUMAN;P22695;Cytochrome b-c1 complex subunit 2, mitochondrial;453;9;8;11;123;28;0,061810155
sp|Q07065|CKAP4_HUMAN;Q07065;Cytoskeleton-associated protein 4;602;19;;;;19;0,031561462
sp|Q14008|CKAP5_HUMAN;Q14008;Cytoskeleton-associated protein 5;2032;;;23;;23;0,011318898
sp|P28838|AMPL_HUMAN;P28838;Cytosol aminopeptidase;519;16;17;;;33;0,063583815
sp|O75891|AL1L1_HUMAN;O75891;Cytosolic 10-formyltetrahydrofolate dehydrogenase;902;10;61;10;123;81;0,089800443
sp|O00154|BACH_HUMAN;O00154;Cytosolic acyl coenzyme A thioester hydrolase;380;;;10;;10;0,026315789
sp|O43175|SERA_HUMAN;O43175;D-3-phosphoglycerate dehydrogenase;533;;8;9;;17;0,031894934
sp|Q9Y394|DHRS7_HUMAN;Q9Y394;Dehydrogenase/reductase SDR family member 7;339;17;;14;;31;0,091445428
sp|Q14194|DPYL1_HUMAN;Q14194;Dihydropyrimidinase-related protein 1;572;;;28;;28;0,048951049
sp|Q16555|DPYL2_HUMAN;Q16555;Dihydropyrimidinase-related protein 2;572;26;35;132;123;193;0,337412587
sp|P42658|DPP6_HUMAN;P42658;Dipeptidyl aminopeptidase-like protein 6;865;;;16;;16;0,01849711
sp|P53634|CATC_HUMAN;P53634;Dipeptidyl peptidase 1;463;16;;;;16;0,034557235
sp|Q9UHL4|DPP2_HUMAN;Q9UHL4;Dipeptidyl peptidase 2;492;43;;;;43;0,087398374
sp|O14672|ADA10_HUMAN;O14672;Disintegrin and metalloproteinase domain-containing protein 10;748;8;;;;8;0,010695187
sp|Q9UBS4|DJB11_HUMAN;Q9UBS4;DnaJ homolog subfamily B member 11;358;20;;9;;29;0,081005587
sp|Q8IXB1|DJC10_HUMAN;Q8IXB1;DnaJ homolog subfamily C member 10;793;9;;;;9;0,011349306
sp|O75165|DJC13_HUMAN;O75165;DnaJ homolog subfamily C member 13;2243;8;;;;8;0,003566652
sp|P39656|OST48_HUMAN;P39656;Dolichyl-diphosphooligosaccharide--protein glycosyltransferase 48 kDa subunit;456;36;15;7;123;58;0,127192982
sp|P04843|RPN1_HUMAN;P04843;Dolichyl-diphosphooligosaccharide--protein glycosyltransferase subunit 1;607;57;42;18;123;117;0,192751236
sp|P61803|DAD1_HUMAN;P61803;Dolichyl-diphosphooligosaccharide--protein glycosyltransferase subunit DAD1;113;11;;;;11;0,097345133
sp|Q13561|DCTN2_HUMAN;Q13561;Dynactin subunit 2;401;;;9;;9;0,02244389
sp|Q05193|DYN1_HUMAN;Q05193;Dynamin-1;864;;;72;;72;0,083333333
sp|Q6UWR7|ENPP6_HUMAN;Q6UWR7;Ectonucleotide pyrophosphatase/phosphodiesterase family member 6;440;;;12;;12;0,027272727
sp|O43854|EDIL3_HUMAN;O43854;EGF-like repeat and discoidin I-like domain-containing protein 3;480;;;13;;13;0,027083333
sp|P68104|EF1A1_HUMAN;P68104;Elongation factor 1-alpha 1;462;41;43;;;84;0,181818182
sp|P24534|EF1B_HUMAN;P24534;Elongation factor 1-beta;225;;;12;;12;0,053333333
sp|P49411|EFTU_HUMAN;P49411;Elongation factor Tu, mitochondrial;452;;10;;;10;0,022123894
sp|O94919|ENDD1_HUMAN;O94919;Endonuclease domain-containing 1 protein;500;9;10;11;123;30;0,06
sp|Q99962|SH3G2_HUMAN;Q99962;Endophilin-A1;352;;;17;;17;0,048295455
sp|P11021|BIP_HUMAN;P11021;Endoplasmic reticulum chaperone BiP;654;297;261;155;123;713;1,090214067
sp|P30040|ERP29_HUMAN;P30040;Endoplasmic reticulum resident protein 29;261;29;27;27;123;83;0,318007663
sp|Q9BS26|ERP44_HUMAN;Q9BS26;Endoplasmic reticulum resident protein 44;406;54;44;16;123;114;0,280788177
sp|P14625|ENPL_HUMAN;P14625;Endoplasmin;803;144;105;73;123;322;0,400996264
sp|P00533|EGFR_HUMAN;P00533;Epidermal growth factor receptor;1210;44;63;29;123;136;0,112396694
sp|P07099|HYEP_HUMAN;P07099;Epoxide hydrolase 1;455;27;8;40;123;75;0,164835165
sp|O94905|ERLN2_HUMAN;O94905;Erlin-2;339;30;12;11;123;53;0,156342183
sp|Q8TAM6|ERMIN_HUMAN;Q8TAM6;Ermin;284;;;8;;8;0,028169014
sp|Q96HE7|ERO1A_HUMAN;Q96HE7;ERO1-like protein alpha;468;10;;;;10;0,021367521
sp|P27105|STOM_HUMAN;P27105;Erythrocyte band 7 integral membrane protein;288;;7;;;7;0,024305556
sp|P63241|IF5A1_HUMAN;P63241;Eukaryotic translation initiation factor 5A-1;154;18;19;16;123;53;0,344155844
sp|P43003|EAA1_HUMAN;P43003;Excitatory amino acid transporter 1;542;43;70;47;123;160;0,295202952
sp|P43004|EAA2_HUMAN;P43004;Excitatory amino acid transporter 2;574;;13;16;;29;0,050522648
sp|Q9BSJ8|ESYT1_HUMAN;Q9BSJ8;Extended synaptotagmin-1;1104;9;;;;9;0,008152174
sp|P15311|EZRI_HUMAN;P15311;Ezrin;586;61;;67;;128;0,218430034
sp|Q08945|SSRP1_HUMAN;Q08945;FACT complex subunit SSRP1;709;17;;;;17;0,023977433
sp|P47755|CAZA2_HUMAN;P47755;F-actin-capping protein subunit alpha-2;286;21;;;;21;0,073426573
sp|Q16658|FSCN1_HUMAN;Q16658;Fascin;493;12;12;10;123;34;0,068965517
sp|P51648|AL3A2_HUMAN;P51648;Fatty aldehyde dehydrogenase;485;28;10;10;123;48;0,098969072
sp|Q9UK22|FBX2_HUMAN;Q9UK22;F-box only protein 2;296;11;;52;;63;0,212837838
sp|Q9Y4F1|FARP1_HUMAN;Q9Y4F1;FERM, ARHGEF and pleckstrin domain-containing protein 1;1045;;;11;;11;0,010526316
sp|P02794|FRIH_HUMAN;P02794;Ferritin heavy chain;183;8;;;;8;0,043715847
sp|P02792|FRIL_HUMAN;P02792;Ferritin light chain;175;103;23;26;123;152;0,868571429
sp|P02671|FIBA_HUMAN;P02671;Fibrinogen alpha chain;866;19;7;;;26;0,030023095
sp|P02679|FIBG_HUMAN;P02679;Fibrinogen gamma chain;453;11;;;;11;0,024282561
sp|P02751|FINC_HUMAN;P02751;Fibronectin;2386;19;17;;;36;0,015088013
sp|P30043|BLVRB_HUMAN;P30043;Flavin reductase (NADPH);206;;12;;;12;0,058252427
sp|O75955|FLOT1_HUMAN;O75955;Flotillin-1;427;38;28;15;123;81;0,18969555
sp|Q14254|FLOT2_HUMAN;Q14254;Flotillin-2;428;6;20;9;123;35;0,081775701
sp|P04075|ALDOA_HUMAN;P04075;Fructose-bisphosphate aldolase A;364;60;60;48;123;168;0,461538462
sp|P09972|ALDOC_HUMAN;P09972;Fructose-bisphosphate aldolase C;364;44;41;54;123;139;0,381868132
sp|P09382|LEG1_HUMAN;P09382;Galectin-1;135;55;52;23;123;130;0,962962963
sp|Q08380|LG3BP_HUMAN;Q08380;Galectin-3-binding protein;585;21;24;14;123;59;0,100854701
sp|Q92820|GGH_HUMAN;Q92820;Gamma-glutamyl hydrolase;318;;8;;;8;0,025157233
sp|O95479|G6PE_HUMAN;O95479;GDH/6PGL endoplasmic bifunctional protein;791;16;;;;16;0,02022756
sp|P06396|GELS_HUMAN;P06396;Gelsolin;782;;;11;;11;0,014066496
sp|P14136|GFAP_HUMAN;P14136;Glial fibrillary acidic protein;432;311;175;244;123;730;1,689814815
sp|P14314|GLU2B_HUMAN;P14314;Glucosidase 2 subunit beta;528;27;10;;;37;0,070075758
sp|P00367|DHE3_HUMAN;P00367;Glutamate dehydrogenase 1, mitochondrial;558;;;18;;18;0,032258065
sp|P42262|GRIA2_HUMAN;P42262;Glutamate receptor 2;883;;;10;;10;0,011325028
sp|P15104|GLNA_HUMAN;P15104;Glutamine synthetase;373;17;;17;;34;0,091152815
sp|P36269|GGT5_HUMAN;P36269;Glutathione hydrolase 5 proenzyme;586;7;;;;7;0,011945392
sp|P07203|GPX1_HUMAN;P07203;Glutathione peroxidase 1;203;8;;;;8;0,039408867
sp|P21266|GSTM3_HUMAN;P21266;Glutathione S-transferase Mu 3;225;;;8;;8;0,035555556
sp|P09211|GSTP1_HUMAN;P09211;Glutathione S-transferase P;210;46;30;44;123;120;0,571428571
sp|P04406|G3P_HUMAN;P04406;Glyceraldehyde-3-phosphate dehydrogenase;335;174;180;107;123;461;1,376119403
sp|Q92896|GSLG1_HUMAN;Q92896;Golgi apparatus protein 1;1179;;9;;;9;0,007633588
sp|Q92643|GPI8_HUMAN;Q92643;GPI-anchor transamidase;395;9;;;;9;0,02278481
sp|P28676|GRAN_HUMAN;P28676;Grancalcin;217;6;;;;6;0,02764977
sp|P01112|RASH_HUMAN;P01112;GTPase HRas;189;22;18;22;123;62;0,328042328
sp|P04899|GNAI2_HUMAN;P04899;Guanine nucleotide-binding protein G(i) subunit alpha-2;355;61;42;47;123;150;0,422535211
sp|P50151|GBG10_HUMAN;P50151;Guanine nucleotide-binding protein G(I)/G(S)/G(O) subunit gamma-10;68;18;;;;18;0,264705882
sp|Q9UBI6|GBG12_HUMAN;Q9UBI6;Guanine nucleotide-binding protein G(I)/G(S)/G(O) subunit gamma-12;72;14;;11;;25;0,347222222
sp|P59768|GBG2_HUMAN;P59768;Guanine nucleotide-binding protein G(I)/G(S)/G(O) subunit gamma-2;71;;;12;;12;0,169014085
sp|O60262|GBG7_HUMAN;O60262;Guanine nucleotide-binding protein G(I)/G(S)/G(O) subunit gamma-7;68;24;25;14;123;63;0,926470588
sp|P62873|GBB1_HUMAN;P62873;Guanine nucleotide-binding protein G(I)/G(S)/G(T) subunit beta-1;340;97;83;167;123;347;1,020588235
sp|P62879|GBB2_HUMAN;P62879;Guanine nucleotide-binding protein G(I)/G(S)/G(T) subunit beta-2;340;102;79;130;123;311;0,914705882
sp|P09471|GNAO_HUMAN;P09471;Guanine nucleotide-binding protein G(o) subunit alpha;354;42;34;99;123;175;0,494350282
sp|P50148|GNAQ_HUMAN;P50148;Guanine nucleotide-binding protein G(q) subunit alpha;359;;;11;;11;0,030640669
sp|Q5JWF2|GNAS1_HUMAN;Q5JWF2;Guanine nucleotide-binding protein G(s) subunit alpha isoforms XLas;1037;26;32;40;123;98;0,094503375
sp|Q14344|GNA13_HUMAN;Q14344;Guanine nucleotide-binding protein subunit alpha-13;377;27;17;;;44;0,116710875
sp|Q9HAV0|GBB4_HUMAN;Q9HAV0;Guanine nucleotide-binding protein subunit beta-4;340;86;;;;86;0,252941176
sp|P00738|HPT_HUMAN;P00738;Haptoglobin;406;118;62;;;180;0,443349754
sp|O43301|HS12A_HUMAN;O43301;Heat shock 70 kDa protein 12A;675;;;47;;47;0,06962963
sp|P0DMV8|HS71A_HUMAN;P0DMV8;Heat shock 70 kDa protein 1A;641;40;8;37;123;85;0,132605304
sp|P11142|HSP7C_HUMAN;P11142;Heat shock cognate 71 kDa protein;646;109;127;139;123;375;0,580495356
sp|Q92598|HS105_HUMAN;Q92598;Heat shock protein 105 kDa;858;;;17;;17;0,01981352
sp|P04792|HSPB1_HUMAN;P04792;Heat shock protein beta-1;205;56;44;33;123;133;0,648780488
sp|P07900|HS90A_HUMAN;P07900;Heat shock protein HSP 90-alpha;732;92;58;79;123;229;0,31284153
sp|P08238|HS90B_HUMAN;P08238;Heat shock protein HSP 90-beta;724;94;91;93;123;278;0,383977901
sp|P54652|HSP72_HUMAN;P54652;Heat shock-related 70 kDa protein 2;639;;;83;;83;0,129890454
sp|P69905|HBA_HUMAN;P69905;Hemoglobin subunit alpha;142;105;154;74;123;333;2,345070423
sp|P68871|HBB_HUMAN;P68871;Hemoglobin subunit beta;147;254;325;231;123;810;5,510204082
sp|P02042|HBD_HUMAN;P02042;Hemoglobin subunit delta;147;165;193;;;358;2,43537415
sp|P02790|HEMO_HUMAN;P02790;Hemopexin;462;83;24;;;107;0,231601732
sp|Q5SSJ5|HP1B3_HUMAN;Q5SSJ5;Heterochromatin protein 1-binding protein 3;553;7;13;11;123;31;0,056057866
sp|P61978|HNRPK_HUMAN;P61978;Heterogeneous nuclear ribonucleoprotein K;463;8;;;;8;0,017278618
sp|O43390|HNRPR_HUMAN;O43390;Heterogeneous nuclear ribonucleoprotein R;633;11;;;;11;0,017377567
sp|Q00839|HNRPU_HUMAN;Q00839;Heterogeneous nuclear ribonucleoprotein U;825;8;;;;8;0,00969697
sp|P07910|HNRPC_HUMAN;P07910;Heterogeneous nuclear ribonucleoproteins C1/C2;306;91;32;20;123;143;0,467320261
sp|P19367|HXK1_HUMAN;P19367;Hexokinase-1;917;;;15;;15;0,016357688
sp|P04196|HRG_HUMAN;P04196;Histidine-rich glycoprotein;525;9;;;;9;0,017142857
sp|P07305|H10_HUMAN;P07305;Histone H1.0;194;;10;;;10;0,051546392
sp|P16104|H2AX_HUMAN;P16104;Histone H2AX;143;21;11;;;32;0,223776224
sp|Q96A08|H2B1A_HUMAN;Q96A08;Histone H2B type 1-A;127;17;9;;;26;0,204724409
sp|P62805|H4_HUMAN;P62805;Histone H4;103;68;44;;;112;1,087378641
sp|P01891|1A68_HUMAN;P01891;HLA class I histocompatibility antigen, A-68 alpha chain;365;17;7;;;24;0,065753425
sp|Q95604|1C17_HUMAN;Q95604;HLA class I histocompatibility antigen, Cw-17 alpha chain;372;16;;;;16;0,043010753
sp|P04233|HG2A_HUMAN;P04233;HLA class II histocompatibility antigen gamma chain;296;9;;;;9;0,030405405
sp|P01906|DQA2_HUMAN;P01906;HLA class II histocompatibility antigen, DQ alpha 2 chain;255;15;;;;15;0,058823529
sp|P01903|DRA_HUMAN;P01903;HLA class II histocompatibility antigen, DR alpha chain;254;77;12;15;123;104;0,409448819
sp|P10915|HPLN1_HUMAN;P10915;Hyaluronan and proteoglycan link protein 1;354;36;99;235;123;370;1,04519774
sp|Q9GZV7|HPLN2_HUMAN;Q9GZV7;Hyaluronan and proteoglycan link protein 2;340;36;;526;;562;1,652941176
sp|Q9Y4L1|HYOU1_HUMAN;Q9Y4L1;Hypoxia up-regulated protein 1;999;26;20;33;123;79;0,079079079
sp|P55899|FCGRN_HUMAN;P55899;IgG receptor FcRn large subunit p51;365;24;;;;24;0,065753425
sp|P01876|IGHA1_HUMAN;P01876;Immunoglobulin heavy constant alpha 1;353;18;9;;;27;0,076487252
sp|P01857|IGHG1_HUMAN;P01857;Immunoglobulin heavy constant gamma 1;330;227;92;57;123;376;1,139393939
sp|P01859|IGHG2_HUMAN;P01859;Immunoglobulin heavy constant gamma 2;326;215;43;74;123;332;1,018404908
tr|A0A075B7E8|A0A075B7E8_HUMAN;A0A075B7E8;Immunoglobulin heavy variable 3/OR16-13 (non-functional) (Fragment);117;52;28;;;80;0,683760684
sp|A0A0B4J1X5|HV374_HUMAN;A0A0B4J1X5;Immunoglobulin heavy variable 3-74;117;;;8;;8;0,068376068
sp|P01834|IGKC_HUMAN;P01834;Immunoglobulin kappa constant;107;42;23;15;123;80;0,747663551
sp|P06312|KV401_HUMAN;P06312;Immunoglobulin kappa variable 4-1;121;9;;;;9;0,074380165
sp|B9A064|IGLL5_HUMAN;B9A064;Immunoglobulin lambda-like polypeptide 5;214;7;;;;7;0,03271028
sp|Q969P0|IGSF8_HUMAN;Q969P0;Immunoglobulin superfamily member 8;613;;;48;;48;0,078303426
sp|Q8NBJ7|SUMF2_HUMAN;Q8NBJ7;Inactive C-alpha-formylglycine-generating enzyme 2;301;11;;;;11;0,03654485
sp|P17301|ITA2_HUMAN;P17301;Integrin alpha-2;1181;9;;;;9;0,00762066
sp|P23229|ITA6_HUMAN;P23229;Integrin alpha-6;1130;7;;;;7;0,00619469
sp|P06756|ITAV_HUMAN;P06756;Integrin alpha-V;1048;112;98;14;123;224;0,213740458
sp|P05556|ITB1_HUMAN;P05556;Integrin beta-1;798;35;11;;;46;0,05764411
sp|P05107|ITB2_HUMAN;P05107;Integrin beta-2;769;16;;12;;28;0,036410923
sp|P26012|ITB8_HUMAN;P26012;Integrin beta-8;769;;10;;;10;0,013003901
sp|P19827|ITIH1_HUMAN;P19827;Inter-alpha-trypsin inhibitor heavy chain H1;911;118;94;76;123;288;0,316136114
sp|P19823|ITIH2_HUMAN;P19823;Inter-alpha-trypsin inhibitor heavy chain H2;946;103;37;;;140;0,147991543
sp|Q06033|ITIH3_HUMAN;Q06033;Inter-alpha-trypsin inhibitor heavy chain H3;890;7;;;;7;0,007865169
sp|Q14624|ITIH4_HUMAN;Q14624;Inter-alpha-trypsin inhibitor heavy chain H4;930;8;;;;8;0,008602151
sp|Q9UMF0|ICAM5_HUMAN;Q9UMF0;Intercellular adhesion molecule 5;924;;;25;;25;0,027056277
sp|P48735|IDHP_HUMAN;P48735;Isocitrate dehydrogenase [NADP], mitochondrial;452;;10;;;10;0,022123894
sp|Q86Y46|K2C73_HUMAN;Q86Y46;Keratin, type II cytoskeletal 73;540;;;27;;27;0,05
sp|P02788|TRFL_HUMAN;P02788;Lactotransferrin;710;77;;;;77;0,108450704
sp|P11047|LAMC1_HUMAN;P11047;Laminin subunit gamma-1;1609;9;8;;;17;0,010565569
sp|Q86UE6|LRRT1_HUMAN;Q86UE6;Leucine-rich repeat transmembrane neuronal protein 1;522;;;8;;8;0,01532567
sp|Q96AG4|LRC59_HUMAN;Q96AG4;Leucine-rich repeat-containing protein 59;307;8;;7;;15;0,048859935
sp|P00338|LDHA_HUMAN;P00338;L-lactate dehydrogenase A chain;332;7;;;;7;0,021084337
sp|Q9UKU0|ACSL6_HUMAN;Q9UKU0;Long-chain-fatty-acid--CoA ligase 6;697;;;10;;10;0,014347202
sp|Q12912|LRMP_HUMAN;Q12912;Lymphoid-restricted membrane protein;555;8;;;;8;0,014414414
sp|Q8NF37|PCAT1_HUMAN;Q8NF37;Lysophosphatidylcholine acyltransferase 1;534;10;;;;10;0,018726592
sp|P04062|GLCM_HUMAN;P04062;Lysosomal acid glucosylceramidase;536;9;12;;;21;0,039179104
sp|P11117|PPAL_HUMAN;P11117;Lysosomal acid phosphatase;423;27;16;;;43;0,101654846
sp|P10253|LYAG_HUMAN;P10253;Lysosomal alpha-glucosidase;952;35;19;;;54;0,056722689
sp|P10619|PPGB_HUMAN;P10619;Lysosomal protective protein;480;17;8;;;25;0,052083333
sp|P42785|PCP_HUMAN;P42785;Lysosomal Pro-X carboxypeptidase;496;27;19;;;46;0,092741935
sp|P13473|LAMP2_HUMAN;P13473;Lysosome-associated membrane glycoprotein 2;410;34;22;;;56;0,136585366
sp|P14174|MIF_HUMAN;P14174;Macrophage migration inhibitory factor;115;10;;;;10;0,086956522
sp|P40121|CAPG_HUMAN;P40121;Macrophage-capping protein;348;10;;9;;19;0,054597701
sp|P40925|MDHC_HUMAN;P40925;Malate dehydrogenase, cytoplasmic;334;8;9;25;123;42;0,125748503
sp|P40926|MDHM_HUMAN;P40926;Malate dehydrogenase, mitochondrial;338;;18;;;18;0,053254438
sp|Q13724|MOGS_HUMAN;Q13724;Mannosyl-oligosaccharide glucosidase;837;11;;;;11;0,013142174
sp|O00339|MATN2_HUMAN;O00339;Matrilin-2;956;;9;;;9;0,009414226
sp|O00264|PGRC1_HUMAN;O00264;Membrane-associated progesterone receptor component 1;195;9;;;;9;0,046153846
sp|Q9H8H3|MET7A_HUMAN;Q9H8H3;Methyltransferase-like protein 7A;244;27;18;19;123;64;0,262295082
sp|P10620|MGST1_HUMAN;P10620;Microsomal glutathione S-transferase 1;155;8;;;;8;0,051612903
sp|P78559|MAP1A_HUMAN;P78559;Microtubule-associated protein 1A;2803;39;30;457;123;526;0,187656083
sp|P46821|MAP1B_HUMAN;P46821;Microtubule-associated protein 1B;2468;333;274;676;123;1283;0,519854133
sp|P11137|MTAP2_HUMAN;P11137;Microtubule-associated protein 2;1827;24;30;177;123;231;0,126436782
sp|P27816|MAP4_HUMAN;P27816;Microtubule-associated protein 4;1152;11;10;9;123;30;0,026041667
sp|Q15555|MARE2_HUMAN;Q15555;Microtubule-associated protein RP/EB family member 2;327;;;10;;10;0,03058104
sp|A6NCE7|MP3B2_HUMAN;A6NCE7;Microtubule-associated proteins 1A/1B light chain 3 beta 2;125;29;25;118;123;172;1,376
sp|Q9H492|MLP3A_HUMAN;Q9H492;Microtubule-associated proteins 1A/1B light chain 3A;121;27;21;;;48;0,396694215
sp|Q9Y3D6|FIS1_HUMAN;Q9Y3D6;Mitochondrial fission 1 protein;152;;;11;;11;0,072368421
sp|Q99595|TI17A_HUMAN;Q99595;Mitochondrial import inner membrane translocase subunit Tim17-A;171;;9;;;9;0,052631579
sp|P26038|MOES_HUMAN;P26038;Moesin;577;111;41;67;123;219;0,379549393
sp|O00499|BIN1_HUMAN;O00499;Myc box-dependent-interacting protein 1;593;8;;;;8;0,013490725
sp|P02686|MBP_HUMAN;P02686;Myelin basic protein;304;10;;29;;39;0,128289474
sp|P60201|MYPR_HUMAN;P60201;Myelin proteolipid protein;277;;;11;;11;0,039711191
sp|Q16653|MOG_HUMAN;Q16653;Myelin-oligodendrocyte glycoprotein;247;;;7;;7;0,028340081
sp|Q969H8|MYDGF_HUMAN;Q969H8;Myeloid-derived growth factor;173;13;12;11;123;36;0,208092486
sp|P60660|MYL6_HUMAN;P60660;Myosin light polypeptide 6;151;50;28;10;123;88;0,582781457
sp|O14950|ML12B_HUMAN;O14950;Myosin regulatory light chain 12B;172;102;34;11;123;147;0,854651163
sp|P24844|MYL9_HUMAN;P24844;Myosin regulatory light polypeptide 9;172;53;;;;53;0,308139535
sp|P35580|MYH10_HUMAN;P35580;Myosin-10;1976;221;98;18;123;337;0,170546559
sp|Q7Z406|MYH14_HUMAN;Q7Z406;Myosin-14;1995;40;;;;40;0,020050125
sp|P35579|MYH9_HUMAN;P35579;Myosin-9;1960;412;234;19;123;665;0,339285714
sp|O95865|DDAH2_HUMAN;O95865;N(G),N(G)-dimethylarginine dimethylaminohydrolase 2;285;8;;9;;17;0,059649123
sp|O14745|NHRF1_HUMAN;O14745;Na(+)/H(+) exchange regulatory cofactor NHE-RF1;358;;;30;;30;0,083798883
sp|Q9UJ70|NAGK_HUMAN;Q9UJ70;N-acetyl-D-glucosamine kinase;344;9;;;;9;0,026162791
sp|P15586|GNS_HUMAN;P15586;N-acetylglucosamine-6-sulfatase;552;11;16;;;27;0,048913043
sp|P00387|NB5R3_HUMAN;P00387;NADH-cytochrome b5 reductase 3;301;9;17;18;123;44;0,146179402
sp|P16435|NCPR_HUMAN;P16435;NADPH--cytochrome P450 reductase;677;29;21;16;123;66;0,097488922
sp|P48681|NEST_HUMAN;P48681;Nestin;1621;172;250;8;123;430;0,265268353
sp|P13591|NCAM1_HUMAN;P13591;Neural cell adhesion molecule 1;858;25;19;55;123;99;0,115384615
sp|O00533|NCHL1_HUMAN;O00533;Neural cell adhesion molecule L1-like protein;1208;;;10;;10;0,008278146
sp|O14594|NCAN_HUMAN;O14594;Neurocan core protein;1321;138;320;345;123;803;0,607872824
sp|Q9UBB6|NCDN_HUMAN;Q9UBB6;Neurochondrin;729;;;8;;8;0,010973937
sp|P12036|NFH_HUMAN;P12036;Neurofilament heavy polypeptide;1026;21;;36;;57;0,055555556
sp|P07196|NFL_HUMAN;P07196;Neurofilament light polypeptide;543;23;;169;;192;0,35359116
sp|P07197|NFM_HUMAN;P07197;Neurofilament medium polypeptide;916;38;;67;;105;0,114628821
sp|Q9NZ94|NLGN3_HUMAN;Q9NZ94;Neuroligin-3;848;9;9;11;123;29;0,034198113
sp|Q92823|NRCAM_HUMAN;Q92823;Neuronal cell adhesion molecule;1304;8;;20;;28;0,021472393
sp|P51674|GPM6A_HUMAN;P51674;Neuronal membrane glycoprotein M6-a;278;;18;44;;62;0,223021583
sp|Q13491|GPM6B_HUMAN;Q13491;Neuronal membrane glycoprotein M6-b;265;;;10;;10;0,037735849
sp|Q14697|GANAB_HUMAN;Q14697;Neutral alpha-glucosidase AB;944;60;39;20;123;119;0,126059322
sp|P43007|SATT_HUMAN;P43007;Neutral amino acid transporter A;532;;9;;;9;0,016917293
sp|Q6PIU2|NCEH1_HUMAN;Q6PIU2;Neutral cholesterol ester hydrolase 1;408;;;11;;11;0,026960784
sp|Q92542|NICA_HUMAN;Q92542;Nicastrin;709;15;11;11;123;37;0,052186178
sp|P43490|NAMPT_HUMAN;P43490;Nicotinamide phosphoribosyltransferase;491;18;8;;;26;0,052953157
sp|Q5JPE7|NOMO2_HUMAN;Q5JPE7;Nodal modulator 2;1267;14;;;;14;0,011049724
sp|P22307|NLTP_HUMAN;P22307;Non-specific lipid-transfer protein;547;9;;;;9;0,016453382
sp|P51688|SPHM_HUMAN;P51688;N-sulphoglucosamine sulphohydrolase;502;16;;;;16;0,03187251
sp|P49321|NASP_HUMAN;P49321;Nuclear autoantigenic sperm protein;788;16;24;12;123;52;0,065989848
sp|Q02818|NUCB1_HUMAN;Q02818;Nucleobindin-1;461;26;25;38;123;89;0,193058568
sp|P80303|NUCB2_HUMAN;P80303;Nucleobindin-2;420;10;;11;;21;0,05
sp|P19338|NUCL_HUMAN;P19338;Nucleolin;710;131;79;35;123;245;0,345070423
sp|P06748|NPM_HUMAN;P06748;Nucleophosmin;294;9;9;;;18;0,06122449
sp|P55209|NP1L1_HUMAN;P55209;Nucleosome assembly protein 1-like 1;391;30;;;;30;0,076726343
sp|P23515|OMGP_HUMAN;P23515;Oligodendrocyte-myelin glycoprotein;440;;;139;;139;0,315909091
sp|Q9NRP0|OSTC_HUMAN;Q9NRP0;Oligosaccharyltransferase complex subunit OSTC;149;12;;;;12;0,080536913
sp|P10451|OSTP_HUMAN;P10451;Osteopontin;314;8;9;;;17;0,054140127
sp|P41217|OX2G_HUMAN;P41217;OX-2 membrane glycoprotein;278;;;10;;10;0,035971223
sp|P26022|PTX3_HUMAN;P26022;Pentraxin-related protein PTX3;381;75;22;18;123;115;0,30183727
sp|P62937|PPIA_HUMAN;P62937;Peptidyl-prolyl cis-trans isomerase A;165;61;84;76;123;221;1,339393939
sp|P23284|PPIB_HUMAN;P23284;Peptidyl-prolyl cis-trans isomerase B;216;98;94;41;123;233;1,078703704
sp|P26885|FKBP2_HUMAN;P26885;Peptidyl-prolyl cis-trans isomerase FKBP2;142;10;9;18;123;37;0,26056338
sp|Q9Y3E5|PTH2_HUMAN;Q9Y3E5;Peptidyl-tRNA hydrolase 2, mitochondrial;179;17;;;;17;0,094972067
sp|Q99541|PLIN2_HUMAN;Q99541;Perilipin-2;437;44;;;;44;0,100686499
sp|O60664|PLIN3_HUMAN;O60664;Perilipin-3;434;20;23;;;43;0,099078341
sp|Q06830|PRDX1_HUMAN;Q06830;Peroxiredoxin-1;199;;30;32;;62;0,311557789
sp|P32119|PRDX2_HUMAN;P32119;Peroxiredoxin-2;198;13;10;12;123;35;0,176767677
sp|Q13162|PRDX4_HUMAN;Q13162;Peroxiredoxin-4;271;50;39;;;89;0,328413284
sp|P30041|PRDX6_HUMAN;P30041;Peroxiredoxin-6;224;8;9;28;123;45;0,200892857
sp|Q9BRX8|PXL2A_HUMAN;Q9BRX8;Peroxiredoxin-like 2A;229;25;;29;;54;0,23580786
sp|Q15067|ACOX1_HUMAN;Q15067;Peroxisomal acyl-coenzyme A oxidase 1;660;8;;;;8;0,012121212
sp|P51659|DHB4_HUMAN;P51659;Peroxisomal multifunctional enzyme type 2;736;41;;;;41;0,055706522
sp|Q9P0Z9|SOX_HUMAN;Q9P0Z9;Peroxisomal sarcosine oxidase;390;19;;;;19;0,048717949
sp|P30086|PEBP1_HUMAN;P30086;Phosphatidylethanolamine-binding protein 1;187;8;10;33;123;51;0,272727273
sp|Q9BTU6|P4K2A_HUMAN;Q9BTU6;Phosphatidylinositol 4-kinase type 2-alpha;479;7;;;;7;0,014613779
sp|P36871|PGM1_HUMAN;P36871;Phosphoglucomutase-1;562;;7;;;7;0,012455516
sp|P00558|PGK1_HUMAN;P00558;Phosphoglycerate kinase 1;417;70;58;43;123;171;0,410071942
sp|Q8IV08|PLD3_HUMAN;Q8IV08;Phospholipase D3;490;8;;;;8;0,016326531
sp|Q9Y2Q0|AT8A1_HUMAN;Q9Y2Q0;Phospholipid-transporting ATPase IA;1164;;;16;;16;0,013745704
sp|P23634|AT2B4_HUMAN;P23634;Plasma membrane calcium-transporting ATPase 4;1241;;;32;;32;0,025785657
sp|P05155|IC1_HUMAN;P05155;Plasma protease C1 inhibitor;500;98;21;23;123;142;0,284
sp|P10720|PF4V_HUMAN;P10720;Platelet factor 4 variant;104;15;;;;15;0,144230769
sp|Q15149|PLEC_HUMAN;Q15149;Plectin;4684;8;;10;;18;0,003842869
sp|O43157|PLXB1_HUMAN;O43157;Plexin-B1;2135;18;;;;18;0,008430913
sp|P09874|PARP1_HUMAN;P09874;Poly [ADP-ribose] polymerase 1;1014;40;;;;40;0,039447732
sp|Q15365|PCBP1_HUMAN;Q15365;Poly(rC)-binding protein 1;356;8;;;;8;0,02247191
sp|Q15366|PCBP2_HUMAN;Q15366;Poly(rC)-binding protein 2;365;;10;;;10;0,02739726
sp|P0CG38|POTEI_HUMAN;P0CG38;POTE ankyrin domain family member I;1075;147;;;;147;0,136744186
sp|O60831|PRAF2_HUMAN;O60831;PRA1 family protein 2;178;11;12;13;123;36;0,202247191
sp|O75915|PRAF3_HUMAN;O75915;PRA1 family protein 3;188;40;18;30;123;88;0,468085106
sp|Q96AQ6|PBIP1_HUMAN;Q96AQ6;Pre-B-cell leukemia transcription factor-interacting protein 1;731;27;23;54;123;104;0,142270862
sp|Q9UHG3|PCYOX_HUMAN;Q9UHG3;Prenylcysteine oxidase 1;505;65;18;22;123;105;0,207920792
sp|P07737|PROF1_HUMAN;P07737;Profilin-1;140;51;10;21;123;82;0,585714286
sp|Q8WUM4|PDC6I_HUMAN;Q8WUM4;Programmed cell death 6-interacting protein;868;;7;;;7;0,008064516
sp|O75340|PDCD6_HUMAN;O75340;Programmed cell death protein 6;191;15;12;14;123;41;0,214659686
sp|Q99623|PHB2_HUMAN;Q99623;Prohibitin-2;299;7;;;;7;0,023411371
sp|Q07954|LRP1_HUMAN;Q07954;Prolow-density lipoprotein receptor-related protein 1;4544;380;295;43;123;718;0,158010563
sp|P13674|P4HA1_HUMAN;P13674;Prolyl 4-hydroxylase subunit alpha-1;534;12;;;;12;0,02247191
sp|P07602|SAP_HUMAN;P07602;Prosaposin;524;68;23;38;123;129;0,246183206
sp|Q15185|TEBP_HUMAN;Q15185;Prostaglandin E synthase 3;160;14;22;9;123;45;0,28125
sp|P41222|PTGDS_HUMAN;P41222;Prostaglandin-H2 D-isomerase;190;;;45;;45;0,236842105
sp|O60888|CUTA_HUMAN;O60888;Protein CutA;179;8;11;9;123;28;0,156424581
sp|P07237|PDIA1_HUMAN;P07237;Protein disulfide-isomerase;508;164;88;84;123;336;0,661417323
sp|P30101|PDIA3_HUMAN;P30101;Protein disulfide-isomerase A3;505;127;101;76;123;304;0,601980198
sp|P13667|PDIA4_HUMAN;P13667;Protein disulfide-isomerase A4;645;38;45;;;83;0,128682171
sp|Q15084|PDIA6_HUMAN;Q15084;Protein disulfide-isomerase A6;440;141;79;62;123;282;0,640909091
sp|P49257|LMAN1_HUMAN;P49257;Protein ERGIC-53;510;8;;;;8;0,015686275
sp|Q92520|FAM3C_HUMAN;Q92520;Protein FAM3C;227;;7;;;7;0,030837004
sp|Q9NUQ9|FA49B_HUMAN;Q9NUQ9;Protein FAM49B;324;7;;;;7;0,021604938
sp|P17252|KPCA_HUMAN;P17252;Protein kinase C alpha type;672;10;;;;10;0,014880952
sp|Q15435|PP1R7_HUMAN;Q15435;Protein phosphatase 1 regulatory subunit 7;360;;;9;;9;0,025
sp|O15258|RER1_HUMAN;O15258;Protein RER1;196;;7;;;7;0,035714286
sp|P23297|S10A1_HUMAN;P23297;Protein S100-A1;94;;;18;;18;0,191489362
sp|P60903|S10AA_HUMAN;P60903;Protein S100-A10;97;9;;;;9;0,092783505
sp|P31949|S10AB_HUMAN;P31949;Protein S100-A11;105;14;11;14;123;39;0,371428571
sp|Q99584|S10AD_HUMAN;Q99584;Protein S100-A13;98;;;9;;9;0,091836735
sp|P05109|S10A8_HUMAN;P05109;Protein S100-A8;93;10;;;;10;0,107526882
sp|P06702|S10A9_HUMAN;P06702;Protein S100-A9;114;18;11;;;29;0,254385965
sp|P04271|S100B_HUMAN;P04271;Protein S100-B;92;85;85;51;123;221;2,402173913
sp|P0DME0|SETLP_HUMAN;P0DME0;Protein SETSIP;302;15;15;;;30;0,099337748
sp|Q9H313|TTYH1_HUMAN;Q9H313;Protein tweety homolog 1;450;;15;34;;49;0,108888889
sp|Q99497|PARK7_HUMAN;Q99497;Protein/nucleic acid deglycase DJ-1;189;9;10;11;123;30;0,158730159
sp|P22061|PIMT_HUMAN;P22061;Protein-L-isoaspartate(D-aspartate) O-methyltransferase;227;;;9;;9;0,039647577
sp|P00734|THRB_HUMAN;P00734;Prothrombin;622;53;;;;53;0,085209003
sp|P01893|HLAH_HUMAN;P01893;Putative HLA class I histocompatibility antigen, alpha chain H;362;10;8;;;18;0,049723757
sp|P14618|KPYM_HUMAN;P14618;Pyruvate kinase PKM;531;73;57;53;123;183;0,344632768
sp|P31150|GDIA_HUMAN;P31150;Rab GDP dissociation inhibitor alpha;447;;6;;;6;0,013422819
sp|P50395|GDIB_HUMAN;P50395;Rab GDP dissociation inhibitor beta;445;17;9;20;123;46;0,103370787
sp|P35241|RADI_HUMAN;P35241;Radixin;583;95;46;;;141;0,241852487
sp|Q6IAA8|LTOR1_HUMAN;Q6IAA8;Ragulator complex protein LAMTOR1;161;43;36;14;123;93;0,577639752
sp|Q9Y2Q5|LTOR2_HUMAN;Q9Y2Q5;Ragulator complex protein LAMTOR2;125;40;24;;;64;0,512
sp|Q9UHA4|LTOR3_HUMAN;Q9UHA4;Ragulator complex protein LAMTOR3;124;23;12;12;123;47;0,379032258
sp|O43504|LTOR5_HUMAN;O43504;Ragulator complex protein LAMTOR5;91;26;23;20;123;69;0,758241758
sp|P63000|RAC1_HUMAN;P63000;Ras-related C3 botulinum toxin substrate 1;192;;;7;;7;0,036458333
sp|P61026|RAB10_HUMAN;P61026;Ras-related protein Rab-10;200;56;59;75;123;190;0,95
sp|Q15907|RB11B_HUMAN;Q15907;Ras-related protein Rab-11B;218;41;34;13;123;88;0,403669725
sp|P61106|RAB14_HUMAN;P61106;Ras-related protein Rab-14;215;85;83;79;123;247;1,148837209
sp|Q9NP72|RAB18_HUMAN;Q9NP72;Ras-related protein Rab-18;206;;;34;;34;0,165048544
sp|P62820|RAB1A_HUMAN;P62820;Ras-related protein Rab-1A;205;83;57;106;123;246;1,2
sp|Q9UL25|RAB21_HUMAN;Q9UL25;Ras-related protein Rab-21;225;13;;;;13;0,057777778
sp|P61019|RAB2A_HUMAN;P61019;Ras-related protein Rab-2A;212;59;53;100;123;212;1
sp|Q13636|RAB31_HUMAN;Q13636;Ras-related protein Rab-31;194;31;;;;31;0,159793814
sp|P20336|RAB3A_HUMAN;P20336;Ras-related protein Rab-3A;220;;;128;;128;0,581818182
sp|P20338|RAB4A_HUMAN;P20338;Ras-related protein Rab-4A;218;;46;54;;100;0,458715596
sp|P61020|RAB5B_HUMAN;P61020;Ras-related protein Rab-5B;215;11;;44;;55;0,255813953
sp|P51148|RAB5C_HUMAN;P51148;Ras-related protein Rab-5C;216;28;26;34;123;88;0,407407407
sp|P20340|RAB6A_HUMAN;P20340;Ras-related protein Rab-6A;208;;59;;;59;0,283653846
sp|P51149|RAB7A_HUMAN;P51149;Ras-related protein Rab-7a;207;67;54;62;123;183;0,884057971
sp|P61006|RAB8A_HUMAN;P61006;Ras-related protein Rab-8A;207;65;;73;;138;0,666666667
sp|Q92930|RAB8B_HUMAN;Q92930;Ras-related protein Rab-8B;207;65;;78;;143;0,690821256
sp|P51151|RAB9A_HUMAN;P51151;Ras-related protein Rab-9A;201;12;12;;;24;0,119402985
sp|P11233|RALA_HUMAN;P11233;Ras-related protein Ral-A;206;20;11;23;123;54;0,262135922
sp|A6NIZ1|RP1BL_HUMAN;A6NIZ1;Ras-related protein Rap-1b-like protein;184;9;;;;9;0,048913043
sp|P61225|RAP2B_HUMAN;P61225;Ras-related protein Rap-2b;183;20;;13;;33;0,180327869
sp|P08575|PTPRC_HUMAN;P08575;Receptor-type tyrosine-protein phosphatase C;1306;20;;;;20;0,015313936
sp|P23471|PTPRZ_HUMAN;P23471;Receptor-type tyrosine-protein phosphatase zeta;2315;80;270;256;123;606;0,261771058
sp|Q15293|RCN1_HUMAN;Q15293;Reticulocalbin-1;331;26;24;;;50;0,151057402
sp|Q14257|RCN2_HUMAN;Q14257;Reticulocalbin-2;317;39;9;15;123;63;0,19873817
sp|Q16799|RTN1_HUMAN;Q16799;Reticulon-1;776;7;9;58;123;74;0,095360825
sp|Q9NQC3|RTN4_HUMAN;Q9NQC3;Reticulon-4;1192;12;30;44;123;86;0,072147651
sp|Q8TC12|RDH11_HUMAN;Q8TC12;Retinol dehydrogenase 11;318;10;;;;10;0,031446541
sp|P52565|GDIR1_HUMAN;P52565;Rho GDP-dissociation inhibitor 1;204;9;11;22;123;42;0,205882353
sp|P08134|RHOC_HUMAN;P08134;Rho-related GTP-binding protein RhoC;193;41;31;23;123;95;0,492227979
sp|Q9P2E9|RRBP1_HUMAN;Q9P2E9;Ribosome-binding protein 1;1410;12;18;11;123;41;0,029078014
sp|Q9Y265|RUVB1_HUMAN;Q9Y265;RuvB-like 1;456;9;;;;9;0,019736842
sp|Q93084|AT2A3_HUMAN;Q93084;Sarcoplasmic/endoplasmic reticulum calcium ATPase 3;1043;;8;10;;18;0,01725791
sp|Q86VB7|C163A_HUMAN;Q86VB7;Scavenger receptor cysteine-rich type 1 protein M130;1156;15;;;;15;0,012975779
sp|Q12765|SCRN1_HUMAN;Q12765;Secernin-1;414;;;11;;11;0,026570048
sp|O14828|SCAM3_HUMAN;O14828;Secretory carrier-associated membrane protein 3;347;11;13;11;123;35;0,100864553
sp|Q15019|SEPT2_HUMAN;Q15019;Septin-2;361;11;7;10;123;28;0,077562327
sp|Q99719|SEPT5_HUMAN;Q99719;Septin-5;369;;;14;;14;0,037940379
sp|P62714|PP2AB_HUMAN;P62714;Serine/threonine-protein phosphatase 2A catalytic subunit beta isoform;309;;7;;;7;0,022653722
sp|P02787|TRFE_HUMAN;P02787;Serotransferrin;698;174;153;70;123;397;0,568767908
sp|P35237|SPB6_HUMAN;P35237;Serpin B6;376;35;29;;;64;0,170212766
sp|P0DJI8|SAA1_HUMAN;P0DJI8;Serum amyloid A-1 protein;122;17;;;;17;0,139344262
sp|P35542|SAA4_HUMAN;P35542;Serum amyloid A-4 protein;130;37;;11;;48;0,369230769
sp|P02743|SAMP_HUMAN;P02743;Serum amyloid P-component;223;9;;;;9;0,040358744
sp|Q15165|PON2_HUMAN;Q15165;Serum paraoxonase/arylesterase 2;354;28;28;;;56;0,15819209
sp|O75368|SH3L1_HUMAN;O75368;SH3 domain-binding glutamic acid-rich-like protein;114;8;;8;;16;0,140350877
sp|P37108|SRP14_HUMAN;P37108;Signal recognition particle 14 kDa protein;136;22;21;13;123;56;0,411764706
sp|P49458|SRP09_HUMAN;P49458;Signal recognition particle 9 kDa protein;86;19;29;31;123;79;0,918604651
sp|P48066|S6A11_HUMAN;P48066;Sodium- and chloride-dependent GABA transporter 3;632;;7;;;7;0,011075949
sp|P05023|AT1A1_HUMAN;P05023;Sodium/potassium-transporting ATPase subunit alpha-1;1023;16;49;98;123;163;0,159335288
sp|P50993|AT1A2_HUMAN;P50993;Sodium/potassium-transporting ATPase subunit alpha-2;1020;22;107;97;123;226;0,221568627
sp|P13637|AT1A3_HUMAN;P13637;Sodium/potassium-transporting ATPase subunit alpha-3;1013;;;71;;71;0,070088845
sp|P05026|AT1B1_HUMAN;P05026;Sodium/potassium-transporting ATPase subunit beta-1;303;9;11;26;123;46;0,151815182
sp|P14415|AT1B2_HUMAN;P14415;Sodium/potassium-transporting ATPase subunit beta-2;290;;9;;;9;0,031034483
sp|Q9BXP2|S12A9_HUMAN;Q9BXP2;Solute carrier family 12 member 9;914;7;;;;7;0,007658643
sp|P11166|GTR1_HUMAN;P11166;Solute carrier family 2, facilitated glucose transporter member 1;492;;18;9;;27;0,054878049
sp|Q8TDB8|GTR14_HUMAN;Q8TDB8;Solute carrier family 2, facilitated glucose transporter member 14;520;;;9;;9;0,017307692
sp|P22732|GTR5_HUMAN;P22732;Solute carrier family 2, facilitated glucose transporter member 5;501;8;;;;8;0,015968064
sp|P30626|SORCN_HUMAN;P30626;Sorcin;198;64;73;72;123;209;1,055555556
sp|Q99523|SORT_HUMAN;Q99523;Sortilin;831;41;38;27;123;106;0,12755716
sp|Q92673|SORL_HUMAN;Q92673;Sortilin-related receptor;2214;73;34;;;107;0,048328817
sp|Q14515|SPRL1_HUMAN;Q14515;SPARC-like protein 1;664;24;22;13;123;59;0,088855422
sp|P02549|SPTA1_HUMAN;P02549;Spectrin alpha chain, erythrocytic 1;2419;;45;;;45;0,018602728
sp|Q13813|SPTN1_HUMAN;Q13813;Spectrin alpha chain, non-erythrocytic 1;2472;;;66;;66;0,026699029
sp|P11277|SPTB1_HUMAN;P11277;Spectrin beta chain, erythrocytic;2137;8;54;;;62;0,029012635
sp|Q01082|SPTB2_HUMAN;Q01082;Spectrin beta chain, non-erythrocytic 1;2364;;;47;;47;0,019881557
sp|P63208|SKP1_HUMAN;P63208;S-phase kinase-associated protein 1;163;;;8;;8;0,049079755
sp|Q9NY15|STAB1_HUMAN;Q9NY15;Stabilin-1;2570;58;;;;58;0,022568093
sp|Q7KZF4|SND1_HUMAN;Q7KZF4;Staphylococcal nuclease domain-containing protein 1;910;;19;;;19;0,020879121
sp|P16949|STMN1_HUMAN;P16949;Stathmin;149;;8;14;;22;0,147651007
sp|Q86SK9|SCD5_HUMAN;Q86SK9;Stearoyl-CoA desaturase 5;330;10;12;;;22;0,066666667
sp|Q15738|NSDHL_HUMAN;Q15738;Sterol-4-alpha-carboxylate 3-dehydrogenase, decarboxylating;373;11;9;9;123;29;0,077747989
sp|P38646|GRP75_HUMAN;P38646;Stress-70 protein, mitochondrial;679;11;11;9;123;31;0,045655376
sp|Q13586|STIM1_HUMAN;Q13586;Stromal interaction molecule 1;685;14;;10;;24;0,035036496
sp|P00441|SODC_HUMAN;P00441;Superoxide dismutase [Cu-Zn];154;9;9;16;123;34;0,220779221
sp|P04179|SODM_HUMAN;P04179;Superoxide dismutase [Mn], mitochondrial;222;11;;;;11;0,04954955
sp|O15260|SURF4_HUMAN;O15260;Surfeit locus protein 4;269;8;;;;8;0,029739777
sp|P17600|SYN1_HUMAN;P17600;Synapsin-1;705;;;26;;26;0,036879433
sp|Q7L0J3|SV2A_HUMAN;Q7L0J3;Synaptic vesicle glycoprotein 2A;742;;;26;;26;0,035040431
sp|Q99536|VAT1_HUMAN;Q99536;Synaptic vesicle membrane protein VAT-1 homolog;393;9;7;8;123;24;0,061068702
sp|O43759|SNG1_HUMAN;O43759;Synaptogyrin-1;233;8;8;28;123;44;0,188841202
sp|O43761|SNG3_HUMAN;O43761;Synaptogyrin-3;229;;;24;;24;0,104803493
sp|P08247|SYPH_HUMAN;P08247;Synaptophysin;313;;;31;;31;0,099041534
sp|Q16563|SYPL1_HUMAN;Q16563;Synaptophysin-like protein 1;259;12;10;10;123;32;0,123552124
sp|P60880|SNP25_HUMAN;P60880;Synaptosomal-associated protein 25;206;;;26;;26;0,126213592
sp|P21579|SYT1_HUMAN;P21579;Synaptotagmin-1;422;;;42;;42;0,099526066
sp|Q86Y82|STX12_HUMAN;Q86Y82;Syntaxin-12;276;24;23;11;123;58;0,210144928
sp|Q16623|STX1A_HUMAN;Q16623;Syntaxin-1A;288;;;18;;18;0,0625
sp|P61266|STX1B_HUMAN;P61266;Syntaxin-1B;288;;;11;;11;0,038194444
sp|P61764|STXB1_HUMAN;P61764;Syntaxin-binding protein 1;594;;;64;;64;0,107744108
sp|O00186|STXB3_HUMAN;O00186;Syntaxin-binding protein 3;592;10;;;;10;0,016891892
sp|O00560|SDCB1_HUMAN;O00560;Syntenin-1;298;22;26;13;123;61;0,204697987
sp|P49368|TCPG_HUMAN;P49368;T-complex protein 1 subunit gamma;545;43;43;116;123;202;0,370642202
sp|P24821|TENA_HUMAN;P24821;Tenascin;2201;295;356;436;123;1087;0,493866424
sp|Q92752|TENR_HUMAN;Q92752;Tenascin-R;1358;13;49;452;123;514;0,378497791
sp|Q9Y320|TMX2_HUMAN;Q9Y320;Thioredoxin-related transmembrane protein 2;296;;7;;;7;0,023648649
sp|P04216|THY1_HUMAN;P04216;Thy-1 membrane glycoprotein;161;;;58;;58;0,360248447
sp|P04066|FUCO_HUMAN;P04066;Tissue alpha-L-fucosidase;466;16;9;;;25;0,053648069
sp|Q00577|PURA_HUMAN;Q00577;Transcriptional activator protein Pur-alpha;322;9;7;9;123;25;0,077639752
sp|P02786|TFR1_HUMAN;P02786;Transferrin receptor protein 1;760;;75;;;75;0,098684211
sp|P55072|TERA_HUMAN;P55072;Transitional endoplasmic reticulum ATPase;806;9;;;;9;0,011166253
sp|P29401|TKT_HUMAN;P29401;Transketolase;623;18;13;11;123;42;0,06741573
sp|P43307|SSRA_HUMAN;P43307;Translocon-associated protein subunit alpha;286;12;;;;12;0,041958042
sp|P51571|SSRD_HUMAN;P51571;Translocon-associated protein subunit delta;173;;11;;;11;0,063583815
sp|Q9UNL2|SSRG_HUMAN;Q9UNL2;Translocon-associated protein subunit gamma;185;9;9;;;18;0,097297297
sp|P49755|TMEDA_HUMAN;P49755;Transmembrane emp24 domain-containing protein 10;219;32;31;21;123;84;0,383561644
sp|Q9Y3B3|TMED7_HUMAN;Q9Y3B3;Transmembrane emp24 domain-containing protein 7;224;15;;;;15;0,066964286
sp|Q9NUM4|T106B_HUMAN;Q9NUM4;Transmembrane protein 106B;274;9;10;;;19;0,069343066
sp|Q9BVC6|TM109_HUMAN;Q9BVC6;Transmembrane protein 109;243;13;;;;13;0,053497942
sp|P57088|TMM33_HUMAN;P57088;Transmembrane protein 33;247;11;;;;11;0,044534413
sp|P02766|TTHY_HUMAN;P02766;Transthyretin;147;42;;;;42;0,285714286
sp|P60174|TPIS_HUMAN;P60174;Triosephosphate isomerase;286;74;84;100;123;258;0,902097902
sp|O14773|TPP1_HUMAN;O14773;Tripeptidyl-peptidase 1;563;53;24;10;123;87;0,154529307
sp|P09493|TPM1_HUMAN;P09493;Tropomyosin alpha-1 chain;284;;;19;;19;0,066901408
sp|P67936|TPM4_HUMAN;P67936;Tropomyosin alpha-4 chain;248;54;27;;;81;0,326612903
sp|P07477|TRY1_HUMAN;P07477;Trypsin-1;247;;27;42;;69;0,279352227
sp|P23381|SYWC_HUMAN;P23381;Tryptophan--tRNA ligase, cytoplasmic;471;10;;;;10;0,021231423
sp|Q71U36|TBA1A_HUMAN;Q71U36;Tubulin alpha-1A chain;451;250;228;473;123;951;2,10864745
sp|P68366|TBA4A_HUMAN;P68366;Tubulin alpha-4A chain;448;243;220;385;123;848;1,892857143
sp|P07437|TBB5_HUMAN;P07437;Tubulin beta chain;444;186;196;326;123;708;1,594594595
sp|Q13885|TBB2A_HUMAN;Q13885;Tubulin beta-2A chain;445;188;213;311;123;712;1,6
sp|Q13509|TBB3_HUMAN;Q13509;Tubulin beta-3 chain;450;173;;340;;513;1,14
sp|P04350|TBB4A_HUMAN;P04350;Tubulin beta-4A chain;444;;;356;;356;0,801801802
sp|P68371|TBB4B_HUMAN;P68371;Tubulin beta-4B chain;445;180;154;367;123;701;1,575280899
sp|Q5T0D9|TPRGL_HUMAN;Q5T0D9;Tumor protein p63-regulated gene 1-like protein;272;;;8;;8;0,029411765
sp|Q6RW13|ATRAP_HUMAN;Q6RW13;Type-1 angiotensin II receptor-associated protein;159;12;;;;12;0,075471698
sp|P78324|SHPS1_HUMAN;P78324;Tyrosine-protein phosphatase non-receptor type substrate 1;504;7;;8;;15;0,029761905
sp|P09936|UCHL1_HUMAN;P09936;Ubiquitin carboxyl-terminal hydrolase isozyme L1;223;;;10;;10;0,044843049
sp|P62979|RS27A_HUMAN;P62979;Ubiquitin-40S ribosomal protein S27a;156;8;;11;;19;0,121794872
sp|P22314|UBA1_HUMAN;P22314;Ubiquitin-like modifier-activating enzyme 1;1058;18;25;56;123;99;0,093572779
sp|Q9NYU2|UGGG1_HUMAN;Q9NYU2;UDP-glucose:glycoprotein glucosyltransferase 1;1555;18;24;;;42;0,027009646
tr|L7N2F9|L7N2F9_HUMAN;L7N2F9;Uncharacterized protein (Fragment);121;17;18;40;123;75;0,619834711
tr|F8W031|F8W031_HUMAN;F8W031;Uncharacterized protein (Fragment);263;23;17;20;123;60;0,228136882
tr|K7N7A8|K7N7A8_HUMAN;K7N7A8;Uncharacterized protein (Fragment);449;7;13;;;20;0,04454343
tr|H3BN98|H3BN98_HUMAN;H3BN98;Uncharacterized protein (Fragment);237;6;;;;6;0,025316456
sp|Q9UM54|MYO6_HUMAN;Q9UM54;Unconventional myosin-VI;1294;11;;;;11;0,008500773
sp|Q9NRW7|VPS45_HUMAN;Q9NRW7;Vacuolar protein sorting-associated protein 45;570;40;19;12;123;71;0,124561404
sp|P13611|CSPG2_HUMAN;P13611;Versican core protein;3396;116;176;757;123;1049;0,308892815
sp|Q53GQ0|DHB12_HUMAN;Q53GQ0;Very-long-chain 3-oxoacyl-CoA reductase;312;38;;9;;47;0,150641026
sp|Q9NZ01|TECR_HUMAN;Q9NZ01;Very-long-chain enoyl-CoA reductase;308;22;;;;22;0,071428571
sp|P23763|VAMP1_HUMAN;P23763;Vesicle-associated membrane protein 1;118;;;17;;17;0,144067797
sp|Q15836|VAMP3_HUMAN;Q15836;Vesicle-associated membrane protein 3;100;15;17;;;32;0,32
sp|Q9P0L0|VAPA_HUMAN;Q9P0L0;Vesicle-associated membrane protein-associated protein A;249;;;12;;12;0,048192771
sp|P46459|NSF_HUMAN;P46459;Vesicle-fusing ATPase;744;15;;37;;52;0,069892473
sp|O75396|SC22B_HUMAN;O75396;Vesicle-trafficking protein SEC22b;215;11;17;11;123;39;0,181395349
sp|Q9P2U7|VGLU1_HUMAN;Q9P2U7;Vesicular glutamate transporter 1;560;;;12;;12;0,021428571
sp|Q12907|LMAN2_HUMAN;Q12907;Vesicular integral-membrane protein VIP36;356;;8;;;8;0,02247191
sp|P08670|VIME_HUMAN;P08670;Vimentin;466;173;123;44;123;340;0,729613734
sp|P62760|VISL1_HUMAN;P62760;Visinin-like protein 1;191;;;55;;55;0,287958115
sp|P04004|VTNC_HUMAN;P04004;Vitronectin;478;28;;;;28;0,058577406
sp|P21796|VDAC1_HUMAN;P21796;Voltage-dependent anion-selective channel protein 1;283;28;38;28;123;94;0,332155477
sp|P45880|VDAC2_HUMAN;P45880;Voltage-dependent anion-selective channel protein 2;294;;9;21;;30;0,102040816
sp|Q9Y277|VDAC3_HUMAN;Q9Y277;Voltage-dependent anion-selective channel protein 3;283;;;20;;20;0,070671378
sp|Q93050|VPP1_HUMAN;Q93050;V-type proton ATPase 116 kDa subunit a isoform 1;837;;17;103;;120;0,143369176
sp|P38606|VATA_HUMAN;P38606;V-type proton ATPase catalytic subunit A;617;31;;51;;82;0,132901135
sp|P21281|VATB2_HUMAN;P21281;V-type proton ATPase subunit B, brain isoform;511;9;;48;;57;0,111545988
sp|P61421|VA0D1_HUMAN;P61421;V-type proton ATPase subunit d 1;351;20;;69;;89;0,253561254
sp|P36543|VATE1_HUMAN;P36543;V-type proton ATPase subunit E 1;226;9;7;24;123;40;0,17699115
sp|Q15904|VAS1_HUMAN;Q15904;V-type proton ATPase subunit S1;470;;;24;;24;0,05106383
sp|Q9Y6W5|WASF2_HUMAN;Q9Y6W5;Wiskott-Aldrich syndrome protein family member 2;498;8;;;;8;0,016064257
sp|P13010|XRCC5_HUMAN;P13010;X-ray repair cross-complementing protein 5;732;71;;;;71;0,096994536
sp|P12956|XRCC6_HUMAN;P12956;X-ray repair cross-complementing protein 6;609;81;;;;81;0,133004926